Id,Start time,Completion time,Email,Name,Total points,Quiz feedback,Grade posted time,"On a scale from 1->10, how much would you desire two or more moves?","Points - On a scale from 1->10, how much would you desire two or more moves?","Feedback - On a scale from 1->10, how much would you desire two or more moves?","On a scale from 1->10, how much would you desire enemies varying in size and strength?","Points - On a scale from 1->10, how much would you desire enemies varying in size and strength?","Feedback - On a scale from 1->10, how much would you desire enemies varying in size and strength?","On a scale from 1->10, how much would you desire fighting two or more enemies simultaneously?","Points - On a scale from 1->10, how much would you desire fighting two or more enemies simultaneously?","Feedback - On a scale from 1->10, how much would you desire fighting two or more enemies simultaneously?","On a scale from 1->10, how much would you desire combo moves?","Points - On a scale from 1->10, how much would you desire combo moves?","Feedback - On a scale from 1->10, how much would you desire combo moves?","On a scale from 1->10, how much would you desire character customisation?","Points - On a scale from 1->10, how much would you desire character customisation?","Feedback - On a scale from 1->10, how much would you desire character customisation?","On a scale from 1->10, how much would you desire exponential knockback?","Points - On a scale from 1->10, how much would you desire exponential knockback?","Feedback - On a scale from 1->10, how much would you desire exponential knockback?","On a scale from 1->10, how much would you desire the use of environmental props?","Points - On a scale from 1->10, how much would you desire the use of environmental props?","Feedback - On a scale from 1->10, how much would you desire the use of environmental props?","On a scale from 1->10, how much would you desire enemies with varying reaction times?","Points - On a scale from 1->10, how much would you desire enemies with varying reaction times?","Feedback - On a scale from 1->10, how much would you desire enemies with varying reaction times?"
1,6/4/2026 12:36,6/4/2026 12:37,anonymous,,,,,10,0,,8,0,,6,0,,10,0,,5,0,,6,0,,10,0,,6,0,
2,6/4/2026 12:54,6/4/2026 12:55,anonymous,,,,,9,0,,9,0,,3,0,,8,0,,5,0,,5,0,,7,0,,9,0,
3,6/4/2026 13:54,6/4/2026 13:55,anonymous,,,,,10,0,,10,0,,1,0,,10,0,,10,0,,10,0,,10,0,,10,0,
4,6/4/2026 13:58,6/4/2026 13:59,anonymous,,,,,8,0,,9,0,,5,0,,5,0,,4,0,,9,0,,6,0,,6,0,
5,6/4/2026 14:19,6/4/2026 14:19,anonymous,,,,,10,0,,10,0,,7,0,,10,0,,10,0,,10,0,,5,0,,9,0,
6,6/4/2026 18:23,6/4/2026 18:24,anonymous,,,,,9,0,,5,0,,4,0,,8,0,,8,0,,8,0,,10,0,,5,0,
7,6/5/2026 10:51,6/5/2026 10:52,anonymous,,,,,10,0,,9,0,,6,0,,10,0,,10,0,,8,0,,8,0,,8,0,
8,6/8/2026 8:48,6/8/2026 8:48,anonymous,,,,,9,0,,8,0,,6,0,,9,0,,5,0,,10,0,,10,0,,7,0,
9,6/8/2026 8:53,6/8/2026 8:56,anonymous,,,,,7,0,,8,0,,7,0,,10,0,,7,0,,4,0,,3,0,,8,0,
10,6/8/2026 8:58,6/8/2026 9:01,anonymous,,,,,6,0,,7,0,,5,0,,5,0,,8,0,,6,0,,8,0,,7,0,
